{
  "00001.png": {
    "DM": {
      "psnr": 38.70612083303454,
      "ssim": 0.9835432007268687,
      "uciqe": 22103034.97365587,
      "uiqm": 365.9509253110521,
      "entropy": 7.9480791091918945
    },
    "HAAM-GAN": {
      "psnr": 28.605801177145665,
      "ssim": 0.9643432299833763,
      "uciqe": 25.919157501299235,
      "uiqm": 381.59687039151584,
      "entropy": 7.877148628234863
    },
    "UWnet": {
      "psnr": 18.8038519132331,
      "ssim": 0.8826836177323155,
      "uciqe": 18.692168602958752,
      "uiqm": 237.90882801523043,
      "entropy": 7.456753730773926
    },
    "U-Transformer": {
      "psnr": 29.785008368906333,
      "ssim": 0.953295219401919,
      "uciqe": 23.361429261099637,
      "uiqm": 330.7828122484069,
      "entropy": 7.863141059875488
    },
    "SS-UIE": {
      "psnr": 34.710172830081625,
      "ssim": 0.9719177781586188,
      "uciqe": 24.742405727120815,
      "uiqm": 348.13593698497266,
      "entropy": 7.888496398925781
    }
  },
  "00002.png": {
    "DM": {
      "psnr": 37.3729571619299,
      "ssim": 0.9919152553157429,
      "uciqe": 14.368966820049703,
      "uiqm": 144.7510911120647,
      "entropy": 6.962950229644775
    },
    "HAAM-GAN": {
      "psnr": 19.59273392723461,
      "ssim": 0.9589753495478456,
      "uciqe": 14.201086275726649,
      "uiqm": 138.5604073983225,
      "entropy": 6.939480304718018
    },
    "UWnet": {
      "psnr": 16.986004497675477,
      "ssim": 0.8772661791851826,
      "uciqe": 7.088483571393233,
      "uiqm": 66.33321643388935,
      "entropy": 5.970061779022217
    },
    "U-Transformer": {
      "psnr": 32.052626782012624,
      "ssim": 0.9631089425064188,
      "uciqe": 13.793234855170361,
      "uiqm": 133.79582809545917,
      "entropy": 6.8917388916015625
    },
    "SS-UIE": {
      "psnr": 36.75642176387734,
      "ssim": 0.9873422485328207,
      "uciqe": 14.028657929742545,
      "uiqm": 138.38306435762405,
      "entropy": 6.939535140991211
    }
  },
  "00003.png": {
    "DM": {
      "psnr": 30.709970299659286,
      "ssim": 0.990256480499632,
      "uciqe": 2630471.3908994365,
      "uiqm": 390.7465401703354,
      "entropy": 7.587453842163086
    },
    "HAAM-GAN": {
      "psnr": 28.20970461178355,
      "ssim": 0.9633756893388644,
      "uciqe": 25.28926750161814,
      "uiqm": 427.6432721560176,
      "entropy": 7.606975555419922
    },
    "UWnet": {
      "psnr": 18.841693247102874,
      "ssim": 0.8849796498208774,
      "uciqe": 20.22488688717092,
      "uiqm": 247.01209807218177,
      "entropy": 7.184192180633545
    },
    "U-Transformer": {
      "psnr": 22.495835355811536,
      "ssim": 0.927774769330118,
      "uciqe": 21.96594523100751,
      "uiqm": 312.9107425931146,
      "entropy": 7.462815284729004
    },
    "SS-UIE": {
      "psnr": 28.42559505475325,
      "ssim": 0.9779626932804649,
      "uciqe": 23.96718067017584,
      "uiqm": 381.6921920495623,
      "entropy": 7.527832984924316
    }
  },
  "00004.png": {
    "DM": {
      "psnr": 22.82365237480665,
      "ssim": 0.8672326731163269,
      "uciqe": 284129.78687311354,
      "uiqm": 508.233371578969,
      "entropy": 7.902052402496338
    },
    "HAAM-GAN": {
      "psnr": 20.1691243967022,
      "ssim": 0.8588270081801739,
      "uciqe": 28.530499473202262,
      "uiqm": 552.7889947641002,
      "entropy": 7.851096153259277
    },
    "UWnet": {
      "psnr": 19.486781197550098,
      "ssim": 0.8221037502859054,
      "uciqe": 2635251.588533532,
      "uiqm": 435.46416672181016,
      "entropy": 7.85148811340332
    },
    "U-Transformer": {
      "psnr": 21.905960619650017,
      "ssim": 0.8010371541604248,
      "uciqe": 25.754741139546898,
      "uiqm": 473.4691579133782,
      "entropy": 7.750675201416016
    },
    "SS-UIE": {
      "psnr": 23.275760346458835,
      "ssim": 0.8579785417570801,
      "uciqe": 26.100537074605235,
      "uiqm": 513.3710434797188,
      "entropy": 7.7371063232421875
    }
  },
  "00005.png": {
    "DM": {
      "psnr": 29.352075538950807,
      "ssim": 0.9009569501529311,
      "uciqe": 17.1015396207616,
      "uiqm": 194.20588318017676,
      "entropy": 7.24898099899292
    },
    "HAAM-GAN": {
      "psnr": 18.457395670325273,
      "ssim": 0.875127969451167,
      "uciqe": 20.310886359998456,
      "uiqm": 246.76242245931414,
      "entropy": 7.608074188232422
    },
    "UWnet": {
      "psnr": 23.87067239534845,
      "ssim": 0.8984785976346297,
      "uciqe": 16.304543153906053,
      "uiqm": 197.57936827097674,
      "entropy": 7.3048996925354
    },
    "U-Transformer": {
      "psnr": 28.95161669732442,
      "ssim": 0.9028125129085348,
      "uciqe": 17.564742495305463,
      "uiqm": 215.5696674706148,
      "entropy": 7.321706771850586
    },
    "SS-UIE": {
      "psnr": 31.335214451334732,
      "ssim": 0.9013413431276428,
      "uciqe": 16.78746088154776,
      "uiqm": 204.77072684581975,
      "entropy": 7.255742073059082
    }
  },
  "00006.png": {
    "DM": {
      "psnr": 23.333898791437278,
      "ssim": 0.7930205417820134,
      "uciqe": 142889.37052980583,
      "uiqm": 317.2776534756054,
      "entropy": 7.591558456420898
    },
    "HAAM-GAN": {
      "psnr": 16.65968886767176,
      "ssim": 0.7567125054776049,
      "uciqe": 71456.08309697169,
      "uiqm": 369.9928525543242,
      "entropy": 7.837637901306152
    },
    "UWnet": {
      "psnr": 23.263338705299912,
      "ssim": 0.737733930542104,
      "uciqe": 3064962.6677896157,
      "uiqm": 259.5267372285268,
      "entropy": 7.540979862213135
    },
    "U-Transformer": {
      "psnr": 19.844686014846644,
      "ssim": 0.7711235763776244,
      "uciqe": 18.897117049345034,
      "uiqm": 370.47937513712424,
      "entropy": 7.60797643661499
    },
    "SS-UIE": {
      "psnr": 25.303784432514014,
      "ssim": 0.8030419102134158,
      "uciqe": 16.620533103397385,
      "uiqm": 333.1349123044237,
      "entropy": 7.4945387840271
    }
  },
  "00007.png": {
    "DM": {
      "psnr": 24.21096772983447,
      "ssim": 0.8100476295857442,
      "uciqe": 22.847764085308125,
      "uiqm": 263.1709840875146,
      "entropy": 7.098533630371094
    },
    "HAAM-GAN": {
      "psnr": 18.96434178372749,
      "ssim": 0.7987463118353412,
      "uciqe": 26.137336526575737,
      "uiqm": 352.73097984372265,
      "entropy": 7.422340393066406
    },
    "UWnet": {
      "psnr": 20.16625234813332,
      "ssim": 0.7642149384461264,
      "uciqe": 22.957780713125867,
      "uiqm": 222.97392077158256,
      "entropy": 7.1233601570129395
    },
    "U-Transformer": {
      "psnr": 22.342786933583877,
      "ssim": 0.7831399450918195,
      "uciqe": 21.143456838159373,
      "uiqm": 269.54214448579074,
      "entropy": 6.9721245765686035
    },
    "SS-UIE": {
      "psnr": 22.708004658430685,
      "ssim": 0.8145653023751919,
      "uciqe": 21.292961841772513,
      "uiqm": 293.5377251676266,
      "entropy": 6.991971015930176
    }
  },
  "00008.png": {
    "DM": {
      "psnr": 33.9187156139954,
      "ssim": 0.9878485657369892,
      "uciqe": 21.55810212546645,
      "uiqm": 259.83679104067096,
      "entropy": 7.3307013511657715
    },
    "HAAM-GAN": {
      "psnr": 15.829640519689402,
      "ssim": 0.9220340746010174,
      "uciqe": 26.66040932212128,
      "uiqm": 296.72040667012965,
      "entropy": 7.34968376159668
    },
    "UWnet": {
      "psnr": 11.422440798393724,
      "ssim": 0.7986247985051853,
      "uciqe": 19.974523030260944,
      "uiqm": 168.98493506058233,
      "entropy": 6.883068561553955
    },
    "U-Transformer": {
      "psnr": 25.207861419611902,
      "ssim": 0.9434209680481256,
      "uciqe": 20.87444928719473,
      "uiqm": 247.3771989112256,
      "entropy": 7.212760925292969
    },
    "SS-UIE": {
      "psnr": 22.52600782480098,
      "ssim": 0.9580022787981505,
      "uciqe": 18.41495880286374,
      "uiqm": 214.54984937971372,
      "entropy": 7.079529762268066
    }
  },
  "00009.png": {
    "DM": {
      "psnr": 30.774857734889217,